,NAMA_KEC,NAMA_KEL,PNS,DOSEN,GURU,GURU/DOSEN,TANI,POLRI,BURUH_HARIAN_LEPAS,BURUH_TANI_PERKEBUNAN,BURUH_NELAYAN_PERIKANAN,BURUH_PETERNAKAN,BURUH,PEDAGANG,PEDAGANG,PEDAGANG,TNI,MAHASISWA,NELAYAN,SWASTA,PELAJAR,BELUM KERJA,PENSIUN,ANGGOTA_DPR_RI,ANGGOTA_DPD,ANGGOTA_BPK,PRESIDEN,WAKIL_PRESIDEN,ANGGOTA_MAHKAMAH_KONSTITUSI,ANGGOTA_KABINET_KEMENTERIAN,DUTA_BESAR,GUBERNUR,WAKIL_GUBERNUR,BUPATI,WAKIL_BUPATI,WALIKOTA,WAKIL_WALIKOTA,ANGGOTA_DPRD_PROVINSI,ANGGOTA_DPRD_KABUPATEN_KOTA,PTN,IRT,WIRASWASTA,TUKANG_CUKUR,TUKANG_LISTRIK,TUKANG_BATU,TUKANG_KAYU,TUKANG_SOL_SEPATU,TUKANG_LAS_PANDAI_BESI,TUKANG_JAHIT,TUKANG_GIGI,TUKANG,LAIN2NYA,DOKTER,FAKIR
1,KARANG PILANG,KARANGPILANG,85,8,73,81,1,15,97,0,0,0,97,43,38,81,576,494,1,2194,1974,2209,89,0,0,0,0,0,0,0,0,0,0,0,0,0,0,0,0,0,1835,379,1,0,2,0,0,1,3,0,7,3,8,0
,,KEBRAON,752,83,430,513,16,89,22,4,0,0,26,36,24,60,229,1500,0,9260,6000,5781,419,0,0,0,0,0,0,0,0,0,0,0,0,0,0,2,0,2,4759,1139,0,0,4,1,0,1,2,0,8,14,56,0
,,KEDURUS,735,67,385,452,10,88,50,2,0,0,52,42,55,97,172,1311,0,7850,5243,5823,482,0,0,0,0,0,0,0,0,0,0,0,0,0,0,0,0,0,4501,1136,0,0,25,4,2,6,5,0,42,9,41,0
,,WARUGUNUNG,48,3,62,65,9,6,30,3,0,0,33,7,16,23,45,392,0,2639,1567,2279,18,0,0,0,0,0,0,0,0,0,0,0,0,0,0,0,0,0,1829,337,0,2,5,0,0,0,0,0,7,4,2,0
2,WONOCOLO,SIDOSERMO,333,57,148,205,8,15,17,1,0,0,18,23,46,69,44,715,0,3304,2859,3309,153,0,0,0,0,0,0,0,0,0,0,0,0,0,0,0,1,1,2263,1060,0,1,10,1,0,6,3,0,21,30,61,0
,,BENDUL MERISI,438,69,143,212,7,18,50,5,0,0,55,34,99,133,71,891,0,4326,3563,3624,301,0,0,0,0,0,0,0,0,0,0,0,0,0,0,0,0,0,3012,1306,3,3,23,2,0,3,7,0,41,18,78,0
,,MARGOREJO,318,29,101,130,2,51,9,0,0,0,9,1,14,15,47,649,0,3443,2594,2248,168,0,0,0,0,0,0,0,0,0,0,0,0,0,0,0,0,0,1955,614,0,0,3,0,0,0,1,0,4,12,46,0
,,JEMUR WONOSARI,621,80,295,375,4,79,34,2,0,0,36,20,45,65,71,1210,0,6296,4841,4616,326,1,0,0,0,0,0,0,0,0,0,0,0,0,0,0,0,1,4373,976,0,0,7,3,1,0,1,0,12,21,123,0
,,SIWALANKERTO,473,42,165,207,4,43,42,2,1,0,45,14,35,49,65,906,0,4942,3625,3695,234,0,0,0,0,0,0,0,0,0,0,0,0,0,0,0,0,0,2972,952,0,2,15,1,0,3,5,0,26,22,37,0
3,RUNGKUT,KALIRUNGKUT,543,123,228,351,5,26,30,2,0,0,32,37,50,87,53,1225,0,7166,4898,4634,390,0,0,0,0,0,0,1,0,0,0,0,0,0,0,1,0,2,3699,1509,1,0,22,0,0,3,4,0,30,23,88,0
,,RUNGKUT KIDUL,278,72,131,203,2,20,12,1,0,0,13,7,23,30,36,704,0,4045,2814,2614,208,0,0,0,0,0,0,0,0,0,0,0,0,0,0,0,0,0,2379,906,0,1,2,0,0,0,1,0,4,30,73,0
,,KEDUNG BARUK,287,72,160,232,5,18,15,2,0,0,17,15,29,44,25,897,0,5337,3589,3084,138,0,0,0,0,0,0,0,0,0,0,0,0,0,0,0,0,0,2699,823,0,1,9,4,0,1,12,0,27,8,58,0
,,PENJARINGAN SARI,592,105,198,303,17,26,61,6,0,0,67,23,24,47,30,1035,1,5751,4141,3670,226,0,0,0,0,0,0,0,0,0,0,0,0,0,0,0,0,0,2858,926,1,2,27,1,0,0,6,0,37,12,71,0
,,WONOREJO,298,119,142,261,12,26,16,3,4,0,23,8,25,33,20,970,5,5010,3879,3120,120,1,0,0,0,0,0,0,0,0,0,0,0,0,0,0,0,1,2467,1041,0,1,9,0,0,0,2,0,12,21,50,0
,,MEDOKAN AYU,679,204,319,523,50,42,21,15,7,0,43,40,65,105,51,1389,18,7441,5556,5384,183,0,0,0,0,0,0,0,0,0,0,0,0,0,0,0,0,0,3790,1386,0,1,17,10,0,6,6,0,40,31,66,0
4,WONOKROMO,WONOKROMO,823,58,536,594,28,68,41,0,0,0,41,46,235,281,147,2145,2,12673,8581,9115,400,0,0,0,0,0,0,0,0,0,0,0,0,0,0,0,0,0,7234,2669,0,2,4,1,2,0,4,0,13,76,55,0
,,JAGIR,548,36,291,327,5,25,19,0,0,0,19,15,110,125,122,1171,0,6364,4682,4651,237,0,0,1,0,0,0,0,0,0,0,0,0,0,0,0,0,1,3851,1295,0,0,3,1,0,0,0,0,4,23,50,0
,,NGAGEL,145,14,72,86,11,31,13,1,0,0,14,18,48,66,12,625,1,3762,2500,2800,72,0,0,0,0,0,0,0,0,0,0,0,0,0,0,0,0,0,2449,944,0,0,0,0,0,0,1,0,1,43,15,0
,,NGAGELREJO,1050,87,530,617,18,68,114,1,0,0,115,20,141,161,138,2063,1,13943,8250,10120,487,0,0,0,0,0,0,0,0,0,0,0,0,0,0,0,0,0,7681,2070,0,0,8,1,0,4,2,0,15,101,72,0
,,DARMO,344,56,132,188,5,21,8,2,0,0,10,10,41,51,81,807,1,5221,3227,3215,116,0,0,0,0,0,0,0,0,0,0,0,0,0,0,0,0,0,2820,814,0,0,0,0,0,0,0,0,0,24,82,0
,,SAWUNGGALING,748,27,217,244,9,48,25,3,0,1,29,25,77,102,986,1474,0,7998,5897,5839,452,0,0,0,0,0,0,0,0,0,0,0,0,0,0,0,0,0,5204,1145,1,0,1,2,0,0,4,0,8,19,49,0
5,TEGALSARI,TEGALSARI,167,29,59,88,1,29,13,0,0,0,13,22,44,66,38,1000,0,6406,4000,3390,97,0,0,0,0,0,0,0,0,0,0,0,0,0,0,0,0,0,3945,753,0,0,5,0,0,1,1,0,7,0,18,0
,,DR. SUTOMO,254,22,120,142,0,23,19,0,1,0,20,43,74,117,46,889,3,5856,3556,2802,121,0,0,0,0,0,0,0,0,0,0,0,0,0,0,0,0,0,3830,794,0,0,10,0,1,2,3,0,16,3,114,0
,,KEDUNGDORO,252,22,117,139,2,17,58,1,0,0,59,75,76,151,48,1308,0,8099,5232,4129,170,0,0,0,0,0,0,0,0,0,0,0,0,0,0,0,0,0,5237,1239,2,6,21,5,11,4,46,0,95,1,24,0
,,KEPUTRAN,208,24,112,136,0,20,16,5,0,1,22,47,74,121,26,895,1,5522,3579,2588,124,0,0,0,0,0,0,0,0,0,0,0,0,0,0,0,0,0,3225,872,1,3,8,1,1,0,12,0,26,11,34,0
,,WONOREJO,248,16,143,159,3,34,29,0,0,0,29,57,66,123,57,1466,0,9843,5863,4728,112,0,0,0,0,0,0,0,0,0,0,0,0,0,0,0,1,1,6161,841,0,0,6,2,0,0,8,0,16,4,20,0
6,SAWAHAN,PETEMON,671,45,321,366,6,49,50,0,0,0,50,12,118,130,79,1550,0,11981,6201,9960,222,0,0,0,0,0,0,0,0,0,0,0,0,0,0,0,0,0,7473,1517,0,2,13,2,1,1,1,1,21,111,59,0
,,SAWAHAN,266,15,108,123,5,16,20,0,0,0,20,6,99,105,22,691,1,6003,2763,5942,72,0,0,0,0,0,0,0,0,0,0,0,0,0,0,0,0,0,4193,917,0,0,1,0,0,2,1,0,4,98,44,0
,,BANYU URIP,472,46,268,314,8,47,54,0,0,0,54,12,134,146,159,1316,0,12562,5264,12835,292,0,0,0,0,0,0,0,0,0,0,0,0,0,0,0,0,0,8351,1361,1,0,4,3,0,0,1,0,9,112,25,0
,,PUTAT JAYA,493,18,273,291,15,58,215,3,0,0,218,11,264,275,161,1521,1,11408,6084,15420,276,0,0,0,0,0,0,0,0,0,0,0,0,0,0,0,0,0,9313,3440,0,0,1,4,0,0,5,0,10,187,22,0
,,KUPANG KRAJAN,298,16,192,208,3,28,33,0,0,0,33,9,89,98,58,977,0,7790,3906,6814,130,0,0,0,0,0,0,0,0,0,0,0,0,0,0,0,0,0,4891,1163,0,0,1,0,0,0,0,0,1,92,17,0
,,PAKIS,842,43,300,343,1,74,85,1,0,0,86,5,141,146,170,1437,0,11697,5749,10306,434,0,0,0,0,0,0,0,0,0,0,0,0,0,0,1,1,2,6961,1737,0,0,5,1,0,0,2,0,8,101,53,0
7,GENTENG,EMBONG KALIASIN,132,4,59,63,1,13,9,0,0,0,9,7,72,79,25,630,0,3855,2520,2783,68,0,0,0,0,0,0,0,0,0,0,0,0,0,0,0,0,0,2573,1048,0,1,4,1,0,0,3,0,9,6,16,0
,,GENTENG,89,12,38,50,0,2,0,1,0,0,1,3,37,40,11,428,0,2881,1712,1513,37,0,0,0,0,0,0,0,0,0,0,0,0,0,0,0,0,0,1703,411,0,0,0,0,0,0,2,0,2,5,5,0
,,KAPASARI,129,6,88,94,6,3,44,1,0,0,45,2,46,48,13,828,1,5510,3310,3579,68,0,0,0,0,0,0,0,0,0,0,0,0,0,0,0,0,0,3577,903,0,2,10,3,3,2,15,0,35,13,16,0
,,KETABANG,124,14,45,59,2,5,0,1,0,0,1,6,19,25,14,373,0,2351,1491,1299,45,0,0,0,0,0,0,0,0,0,0,0,0,0,0,1,0,1,1452,608,0,0,0,0,0,0,0,0,0,1,77,0
,,PENELEH,149,25,113,138,2,10,12,0,0,0,12,9,48,57,11,700,0,4856,2798,3102,92,0,0,0,0,0,0,0,0,0,0,0,0,0,0,0,0,0,2939,829,0,0,2,0,0,0,3,0,5,16,31,0
8,GUBENG,GUBENG,334,32,128,160,8,17,19,0,0,0,19,7,39,46,28,734,0,5005,2937,2977,150,0,0,0,0,0,0,0,0,0,0,0,0,0,0,1,0,1,2621,767,0,2,2,0,1,0,0,0,5,44,33,0
,,MOJO,1527,121,436,557,16,56,82,1,0,0,83,29,189,218,89,2423,0,14313,9692,9418,580,0,0,0,0,0,0,0,0,0,0,0,0,0,0,0,0,0,7902,2347,0,0,7,2,0,1,1,1,12,74,229,0
,,AIRLANGGA,735,96,272,368,3,37,8,0,0,0,8,4,22,26,72,1094,0,6727,4376,3788,309,0,0,0,0,0,0,0,0,0,0,0,0,0,0,0,0,0,3510,949,0,2,0,0,0,0,3,0,5,30,121,0
,,KERTAJAYA,632,93,227,320,1,19,20,1,0,0,21,14,59,73,55,1409,1,8699,5636,4930,255,0,0,0,0,0,0,0,0,0,0,0,0,0,0,0,0,0,4425,1273,0,0,4,0,2,0,1,0,7,37,95,0
,,BARATAJAYA,386,65,130,195,4,21,11,1,0,0,12,13,56,69,23,874,0,5366,3497,2997,248,0,0,0,0,0,0,0,0,0,0,0,0,0,0,0,0,0,3110,779,0,2,1,0,0,0,1,0,4,15,107,0
,,PUCANG SEWU,273,62,87,149,0,6,13,0,0,0,13,19,69,88,27,787,0,4945,3147,2676,165,0,0,0,0,0,0,0,0,0,0,0,0,0,0,0,0,0,2759,658,0,0,1,0,0,1,0,0,2,26,100,0
9,SUKOLILO,KEPUTIH,648,367,275,642,24,26,50,11,2,0,63,55,24,79,26,818,6,3367,3273,4107,102,0,0,0,0,0,0,0,0,0,0,0,0,0,0,0,0,0,2653,1442,1,1,30,1,1,2,5,0,41,71,94,0
,,GEBANG PUTIH,138,26,46,72,13,4,15,5,1,0,21,15,15,30,6,368,1,1505,1471,1785,33,0,0,0,0,0,0,0,0,0,0,0,0,0,0,0,0,0,1253,1055,0,0,7,1,0,1,1,0,10,46,44,0
,,KLAMPIS NGASEM,300,65,137,202,19,16,14,0,0,0,14,16,34,50,16,793,0,4704,3170,4586,101,0,0,0,0,0,0,0,0,0,0,0,0,0,0,0,0,0,2939,1257,1,1,7,0,0,0,2,0,11,138,110,0
,,MENUR PUMPUNGAN,302,87,110,197,6,17,12,1,1,0,14,13,18,31,34,763,1,4764,3050,3736,129,0,0,0,0,0,0,0,0,0,0,0,0,0,0,1,0,1,2972,1059,0,0,11,0,0,0,1,0,12,60,153,0
,,NGINDEN JANGKUNGAN,231,35,152,187,7,115,15,3,0,0,18,31,32,63,33,667,2,4315,2669,4166,103,0,0,0,0,0,0,0,0,0,0,0,0,0,0,0,0,0,2529,1080,0,2,13,4,1,5,7,0,32,114,38,0
,,SEMOLOWARU,735,166,275,441,8,29,4,2,0,0,6,9,17,26,113,937,0,5085,3748,4455,296,0,0,0,0,0,0,0,0,0,0,0,0,0,0,0,1,1,2799,1430,0,0,1,0,0,0,0,0,1,85,154,0
,,MEDOKAN SEMAMPIR,396,71,198,269,19,29,11,2,0,0,13,14,21,35,112,870,1,5309,3480,4874,130,0,0,0,0,0,0,0,0,0,0,0,0,0,0,0,1,1,3243,924,0,0,1,0,0,1,1,0,3,142,78,0
10,TAMBAK SARI,TAMBAKSARI,330,11,139,150,6,15,56,1,0,0,57,30,66,96,38,579,2,6180,2315,6650,176,0,0,0,0,0,0,0,0,0,0,0,0,0,0,0,0,0,3980,711,0,2,5,4,1,2,11,0,25,59,30,0
,,PLOSO,520,43,281,324,14,34,101,2,0,1,104,75,102,177,73,1048,2,9777,4191,11084,296,0,0,0,0,0,0,0,0,0,0,0,0,0,0,0,0,0,6754,1868,0,5,30,4,6,6,16,0,67,147,63,0
,,GADING,301,15,216,231,24,21,70,3,0,0,73,37,80,117,66,1002,0,9004,4007,8703,158,0,0,0,0,0,0,0,0,0,0,0,0,0,0,0,0,0,5788,1650,0,2,31,5,4,2,15,0,59,76,37,0
,,PACAR KEMBANG,990,70,342,412,27,37,44,7,0,0,51,44,102,146,100,1043,1,11130,4171,14351,315,0,0,0,0,0,0,2,0,0,0,0,0,0,0,0,1,3,7047,1915,1,4,16,2,0,6,4,0,33,69,89,0
,,RANGKAH,246,12,128,140,5,15,35,2,0,0,37,37,40,77,42,473,0,5269,1893,5995,124,0,0,0,0,0,0,0,0,0,0,0,0,0,0,0,0,0,3574,835,0,0,8,1,2,3,4,1,19,46,26,0
,,PACAR KELING,644,35,178,213,12,37,37,0,0,0,37,34,42,76,50,664,0,7093,2655,7226,343,0,0,0,0,0,0,0,0,0,0,0,0,0,0,0,0,0,4342,904,0,1,7,2,0,4,5,0,19,38,43,0
,,KAPASMADYA BARU,314,19,208,227,34,34,88,2,0,0,90,26,101,127,74,975,0,10901,3901,14788,121,0,0,0,0,0,0,0,0,0,0,0,0,0,0,2,0,2,7826,2412,1,1,13,2,3,6,10,0,36,105,10,0
,,DUKUH SETRO,291,21,146,167,16,36,76,2,0,0,78,60,70,130,62,657,0,5875,2627,6825,64,0,0,0,0,0,0,0,0,0,0,0,0,0,0,0,0,0,3922,1144,0,2,33,7,2,7,11,1,63,50,9,0
11,SIMOKERTO,SIMOKERTO,154,22,150,172,7,29,19,4,0,0,23,6,56,62,56,960,1,6470,3839,5478,108,0,0,0,0,0,0,0,0,0,0,0,0,0,0,0,1,1,4958,1618,0,1,2,0,0,1,4,0,8,51,16,0
,,KAPASAN,91,7,66,73,2,11,8,0,0,0,8,3,44,47,17,661,0,4324,2642,4316,44,1,0,0,0,0,0,0,0,0,0,0,0,0,0,0,0,1,3608,1455,0,0,2,1,0,1,1,0,5,20,14,0
,,SIDODADI,64,3,52,55,11,14,15,0,0,0,15,7,51,58,27,713,0,4635,2851,4949,33,0,0,0,0,0,0,0,0,0,0,0,0,0,0,0,0,0,4004,1255,0,0,0,0,0,0,1,0,1,32,6,0
,,SIMOLAWANG,99,9,106,115,22,4,29,1,0,1,31,8,62,70,33,890,0,5302,3559,7059,55,0,0,0,0,0,0,0,0,0,0,0,0,0,0,0,1,1,5328,1919,0,1,2,0,0,0,2,0,5,144,12,0
,,TAMBAKREJO,216,11,124,135,7,18,10,0,0,1,11,19,87,106,41,834,0,6131,3337,5284,135,0,0,0,0,0,0,0,0,0,0,0,0,0,0,0,0,0,4255,1024,0,3,3,0,0,0,2,0,8,25,13,0
12,PABEAN CANTIAN,BONGKARAN,47,4,44,48,2,2,39,1,0,1,41,12,150,162,8,490,1,3105,1958,2718,19,0,0,0,0,0,0,0,0,0,0,0,0,0,0,0,0,0,2310,706,0,1,1,0,0,1,3,0,6,114,5,0
,,NYAMPLUNGAN,28,4,51,55,3,2,31,0,0,0,31,9,125,134,4,384,0,2143,1535,2546,13,0,0,0,0,0,0,0,0,0,0,0,0,0,0,0,0,0,2023,680,0,0,0,0,0,0,3,0,3,64,14,0
,,KREMBANGAN UTARA,141,4,99,103,11,12,144,2,0,0,146,12,176,188,32,762,1,5208,3049,4931,69,0,0,0,0,0,0,0,0,0,0,0,0,0,0,0,0,0,3753,1116,0,1,1,0,1,0,2,0,5,122,5,0
,,PERAK TIMUR,91,4,77,81,8,9,71,1,0,0,72,9,103,112,33,667,0,4237,2669,4020,43,0,0,0,0,0,0,0,0,0,0,0,0,0,0,0,0,0,3461,856,0,0,0,0,0,1,1,0,2,102,27,0
,,PERAK UTARA,476,22,147,169,19,42,146,2,0,0,148,19,153,172,205,1284,4,7582,5134,7178,288,0,0,0,0,0,0,0,0,0,0,0,0,0,0,0,1,1,6281,1592,0,0,3,0,0,0,0,0,3,116,37,0
13,BUBUTAN,ALON ALON CONTONG,52,10,37,47,2,5,8,0,0,0,8,5,65,70,8,349,0,1982,1395,1443,23,0,0,0,0,0,0,0,0,0,0,0,0,0,0,0,1,1,1428,558,0,0,1,1,0,0,3,0,5,4,22,0
,,BUBUTAN,150,14,73,87,10,149,24,0,0,0,24,16,109,125,30,748,0,4516,2992,2982,86,0,0,0,0,0,0,0,0,0,0,0,0,0,0,0,0,0,2953,612,0,0,3,1,0,0,2,0,6,13,41,0
,,GUNDIH,350,28,172,200,10,39,56,2,0,0,58,38,130,168,99,1432,0,8816,5728,6506,239,0,0,0,0,0,0,0,0,0,0,0,0,0,0,0,0,0,6168,1364,2,1,8,9,0,0,8,0,28,7,13,0
,,JEPARA,309,10,163,173,9,49,86,1,0,0,87,24,168,192,82,1333,2,7777,5333,5676,184,0,0,0,0,0,0,0,0,0,0,0,0,1,0,0,0,1,5855,1353,0,0,6,0,0,0,6,0,12,5,25,0
,,TEMBOK DUKUH,443,38,223,261,5,52,17,0,1,0,18,23,85,108,63,1306,1,8427,5222,6080,233,0,0,0,0,0,0,0,0,0,0,0,0,0,0,0,1,1,5331,1026,0,3,5,0,0,1,5,0,14,5,34,0
14,TANDES,TANDES,94,7,80,87,11,28,8,2,0,0,10,1,18,19,16,439,1,3052,1756,2016,56,0,0,0,0,0,0,0,0,0,0,0,0,0,0,0,0,0,1816,562,0,0,1,0,0,0,0,0,1,26,27,0
,,KARANGPOH,157,7,95,102,20,17,14,1,0,0,15,9,27,36,24,615,0,4889,2458,3766,64,0,0,0,0,0,0,0,0,0,0,0,0,0,0,0,0,0,2808,680,0,1,1,0,0,0,1,0,3,35,13,0
,,BALONGSARI,223,11,98,109,8,17,17,3,0,0,20,4,15,19,33,431,0,3074,1724,2557,131,0,0,0,0,0,0,0,0,0,0,0,0,0,0,0,0,0,1782,371,0,0,2,0,0,0,2,0,4,9,4,0
,,MANUKAN KULON,1125,47,552,599,23,67,48,1,1,1,51,15,59,74,174,1729,0,11607,6914,8869,865,0,0,0,0,0,0,0,0,0,0,0,0,0,0,0,0,0,6324,1762,0,0,4,1,0,0,0,0,5,70,42,0
,,MANUKAN WETAN,109,8,89,97,14,16,33,1,0,0,34,9,44,53,28,419,0,2966,1674,2254,47,0,0,0,0,0,0,0,0,0,0,0,0,0,0,0,0,0,1573,451,0,1,1,0,0,0,0,0,2,17,4,0
,,BANJAR SUGIHAN,238,8,151,159,7,12,6,0,0,0,6,2,15,17,35,465,1,3486,1861,2777,222,0,0,0,0,0,0,0,0,0,0,0,0,0,0,0,0,0,2020,522,0,0,1,1,0,0,0,0,2,19,7,0
15,KREMBANGAN,KREMBANGAN SELATAN,156,9,86,95,5,42,13,1,0,1,15,5,11,16,61,488,0,3812,1952,5029,54,0,0,0,0,0,0,0,0,0,0,0,0,0,0,0,0,0,2906,955,0,0,0,0,0,0,0,0,0,12,24,0
,,KEMAYORAN,212,15,120,135,11,24,7,1,0,0,8,4,11,15,60,676,0,5075,2702,6213,80,0,0,0,0,0,0,0,0,0,0,0,0,0,0,0,0,0,3958,776,0,0,0,0,0,0,1,0,1,11,8,0
,,PERAK BARAT,444,20,123,143,2,107,15,1,0,0,16,2,5,7,300,722,0,4471,2889,4517,314,0,0,0,0,0,0,0,0,0,0,0,0,0,0,0,0,0,3044,655,0,0,0,0,0,0,0,0,0,6,49,0
,,DUPAK,246,11,149,160,14,30,32,0,0,0,32,15,19,34,102,825,0,7023,3299,7685,116,0,0,0,0,0,0,0,0,0,0,0,0,0,0,0,1,1,4871,1334,0,2,5,1,0,0,0,0,8,5,5,0
,,MOROKREMBANGAN,262,7,170,177,57,229,43,2,4,0,49,15,20,35,188,1618,24,11673,6470,15110,122,0,0,0,0,0,0,0,0,0,0,0,0,0,0,0,0,0,9811,2553,0,0,1,0,0,0,2,0,3,28,12,0
16,SEMAMPIR,AMPEL,90,9,168,177,13,1,17,0,0,0,17,7,62,69,13,919,0,5802,3674,4888,60,0,0,0,0,0,0,0,0,0,0,0,0,0,0,0,0,0,4832,1313,0,0,1,0,0,0,0,0,1,3,27,0
,,PEGIRIAN,201,10,162,172,43,27,57,2,1,0,60,8,48,56,110,1501,0,8176,6004,8296,241,0,0,0,0,0,0,0,0,0,0,0,0,0,0,0,0,0,7458,2910,1,0,2,0,0,0,1,0,4,5,7,0
,,WONOKUSUMO,389,38,361,399,65,65,232,4,2,1,239,19,107,126,370,3218,0,17982,12870,18629,483,0,0,0,0,0,0,0,0,0,0,0,0,0,0,0,0,0,16410,5318,0,0,3,0,0,0,4,0,7,15,17,0
,,UJUNG,182,5,91,96,64,15,591,1,0,0,592,7,50,57,842,1544,0,6736,6177,9802,299,0,0,0,0,0,0,0,1,0,0,0,0,0,0,0,0,1,7910,2961,0,0,1,1,0,0,0,0,2,11,13,0
,,SIDOTOPO,168,8,181,189,22,35,33,1,0,0,34,7,46,53,60,1524,1,9914,6095,8602,167,1,0,0,0,0,0,0,0,0,0,0,0,0,0,0,0,1,7685,1744,0,0,1,1,0,0,7,0,9,19,12,0
17,KENJERAN,TANAH KALI KEDINDING,553,34,354,388,20,89,50,0,0,0,50,20,68,88,182,2520,5,17306,10078,13973,176,0,0,0,0,0,0,0,0,0,0,0,0,0,0,0,0,0,11511,1956,1,0,8,1,0,2,1,0,13,14,20,0
,,SIDOTOPO WETAN,446,25,526,551,27,86,47,3,0,0,50,15,87,102,248,2674,1,16650,10694,15367,310,0,0,0,0,0,0,0,0,0,0,0,0,0,0,1,0,1,12454,3198,0,1,2,0,0,1,2,0,6,13,16,0
,,BULAK BANTENG,203,2,190,192,18,18,29,2,2,0,33,20,40,60,751,1653,24,7864,6611,8336,116,0,0,0,0,0,0,0,0,0,0,0,0,0,0,0,0,0,7086,2062,0,1,5,0,0,3,1,0,10,4,3,0
,,TAMBAK WEDI,169,5,95,100,15,11,65,4,6,1,76,9,35,44,56,795,148,3836,3178,4008,38,0,0,0,0,0,0,0,0,0,0,0,0,0,0,0,0,0,3116,1180,1,1,10,2,0,4,2,0,20,1,2,0
18,LAKAR SANTRI,BANGKINGAN,133,14,80,94,27,221,5,3,0,0,8,2,2,4,106,366,0,2340,1462,2213,96,0,0,0,0,0,0,0,0,0,0,0,0,0,0,0,0,0,1861,139,0,0,0,0,0,0,0,0,0,9,3,0
,,JERUK,33,4,43,47,3,3,1,0,0,0,1,1,1,2,15,295,0,2277,1181,2410,14,0,0,0,0,0,0,0,0,0,0,0,0,0,0,1,0,1,2002,283,0,0,1,0,0,0,0,0,1,19,11,0
,,LAKARSANTRI,75,10,63,73,30,9,37,10,0,1,48,31,16,47,20,339,0,2179,1356,2228,16,0,0,0,0,0,0,0,0,0,0,0,0,0,0,0,0,0,1686,287,0,0,21,1,1,2,2,0,27,24,9,0
,,LIDAH KULON,223,26,112,138,11,30,24,1,0,0,25,9,15,24,110,551,0,4608,2205,5195,150,0,0,0,0,0,0,0,0,0,0,0,0,0,0,0,0,0,3394,704,0,0,2,0,0,0,1,0,3,33,23,0
,,LIDAH WETAN,119,28,132,160,10,20,11,5,0,0,16,23,17,40,27,376,0,3167,1504,3386,36,0,0,0,0,0,0,1,0,0,0,0,0,0,0,0,0,1,2237,442,0,0,29,0,1,3,0,0,33,33,21,0
,,SUMUR WELUT,21,0,28,28,36,7,4,1,0,0,5,0,7,7,36,186,0,1558,742,1499,10,0,0,0,0,0,0,0,0,0,0,0,0,0,0,0,0,0,859,287,0,0,3,0,0,0,0,0,3,25,8,0
19,BENOWO,KANDANGAN,376,22,224,246,31,147,46,10,0,0,56,22,31,53,140,1082,0,6760,4326,4917,94,0,0,0,0,0,0,0,0,0,0,0,0,0,0,0,0,0,3945,855,0,1,6,2,0,0,0,0,9,39,17,0
,,SEMEMI,324,21,276,297,118,74,38,14,0,0,52,49,57,106,125,1590,2,10811,6360,8838,80,0,0,0,0,0,0,0,0,0,0,0,0,0,0,0,0,0,6683,1507,0,0,7,5,0,3,4,0,19,58,16,0
,,TAMBAK OSOWILANGUN,19,5,48,53,6,1,9,0,0,0,9,1,8,9,3,179,44,603,715,862,2,0,0,0,0,0,0,0,0,0,0,0,0,0,0,0,0,0,634,777,0,0,0,1,0,0,0,0,1,3,2,0
,,ROMOKALISARI,13,0,29,29,5,4,12,0,5,0,17,7,2,9,0,96,2,784,383,618,2,0,0,0,0,0,0,0,0,0,0,0,0,0,0,0,0,0,451,122,0,0,2,2,0,0,1,0,5,2,0,0
20,WIYUNG,WIYUNG,314,32,177,209,6,34,7,0,0,0,7,0,33,33,83,835,0,5665,3340,4430,89,0,0,0,0,0,0,0,0,0,0,0,0,0,0,0,0,0,3393,645,0,0,6,0,0,0,0,0,6,9,56,0
,,JAJARTUNGGAL,137,16,89,105,0,15,31,0,0,0,31,10,71,81,79,479,0,3360,1916,2741,71,0,0,0,0,0,0,0,0,0,0,0,0,0,0,0,0,0,2076,417,0,4,47,59,2,7,10,0,129,6,24,0
,,BABATAN,465,56,244,300,17,50,54,6,1,0,61,13,78,91,91,1429,0,7798,5715,6225,163,0,0,0,0,0,0,0,0,0,0,0,0,0,0,0,0,0,5046,1774,1,4,236,16,0,5,25,0,287,15,103,0
,,BALAS KLUMPRIK,363,29,176,205,10,32,4,2,0,0,6,0,15,15,276,573,0,4010,2293,3260,137,0,0,0,0,0,0,0,0,0,0,0,0,0,0,1,0,1,2305,267,0,0,0,0,0,0,0,0,0,6,20,0
21,DUKUH PAKIS,DUKUH PAKIS,148,14,90,104,1,23,37,1,0,0,38,14,34,48,28,683,0,4739,2730,3326,79,0,0,0,0,0,0,0,0,0,0,0,0,0,0,1,0,1,2920,891,0,0,15,1,0,1,4,0,21,28,68,0
,,DUKUH KUPANG,197,33,128,161,3,33,73,1,0,0,74,42,64,106,32,780,0,4400,3119,3411,158,2,0,0,0,0,0,0,0,0,0,0,0,0,0,1,0,3,3188,1105,1,3,39,5,0,6,9,1,64,25,92,0
,,GUNUNGSARI,180,20,117,137,6,26,77,0,0,0,77,23,48,71,397,722,0,4216,2887,3230,179,1,0,0,0,0,1,0,0,0,0,0,0,0,0,1,1,4,2773,691,0,2,13,3,0,1,1,0,20,10,18,0
,,PRADAHKALIKENDAL,80,24,81,105,14,16,49,0,0,0,49,18,67,85,18,797,1,4404,3188,3358,93,0,0,0,0,0,0,0,0,0,0,0,0,0,0,0,0,0,3046,987,0,3,21,1,0,0,5,0,30,38,55,0
22,GAYUNGAN,KETINTANG,918,99,234,333,2,372,10,0,0,1,11,14,20,34,57,768,0,3885,3072,3730,326,0,0,0,0,0,0,0,0,0,0,0,1,0,0,0,0,1,2315,839,0,0,1,4,0,0,7,0,12,50,141,0
,,MENANGGAL,420,33,106,139,2,25,9,1,0,0,10,6,13,19,33,435,0,2848,1739,2361,169,1,0,0,0,0,0,0,0,0,0,0,0,0,0,0,0,1,1445,441,0,0,1,0,0,0,0,0,1,36,42,0
,,DUKUH MENANGGAL,265,15,73,88,6,17,26,1,0,0,27,7,27,34,106,415,1,2475,1659,1915,150,0,0,0,0,0,0,0,0,0,0,0,0,0,0,0,0,0,1461,378,0,3,11,1,0,2,3,0,20,23,13,0
,,GAYUNGAN,391,59,83,142,6,66,17,2,0,0,19,8,22,30,40,583,0,3450,2333,2780,158,0,0,0,0,0,0,0,0,0,0,0,0,0,0,0,0,0,1941,682,0,0,3,2,0,0,2,0,7,65,61,0
23,JAMBANGAN,JAMBANGAN,410,51,201,252,18,52,9,1,0,0,10,4,30,34,79,570,0,2717,2278,2258,133,1,0,0,0,0,0,0,0,0,0,0,0,0,0,0,0,1,1712,627,0,0,19,1,1,0,0,0,21,7,30,0
,,KARAH,592,63,236,299,12,40,44,2,0,0,46,36,97,133,84,840,0,4108,3360,3409,323,0,0,0,0,0,0,0,0,0,0,0,0,0,0,0,0,0,2601,770,0,0,9,8,0,1,5,1,24,36,70,0
,,KEBONSARI,388,19,166,185,9,52,20,0,1,0,21,10,35,45,48,574,0,3322,2297,2276,110,0,0,0,0,0,0,0,0,0,0,0,0,0,0,0,0,0,1843,318,0,1,4,1,0,0,0,0,6,6,23,0
,,PAGESANGAN,343,26,143,169,8,34,50,2,0,0,52,36,103,139,71,742,0,4229,2969,2471,193,0,0,0,0,0,0,0,0,0,0,0,0,0,0,0,0,0,2154,591,2,5,30,2,0,1,4,0,44,9,20,0
24,TENGGILIS MEJOYO,KUTISARI,376,75,124,199,1,37,15,0,0,0,15,31,26,57,32,955,0,6090,3819,3269,341,0,0,0,0,0,0,0,0,0,0,0,0,0,0,0,0,0,3554,1051,0,0,30,6,0,1,6,0,43,1,57,0
,,KENDANGSARI,158,27,108,135,0,19,8,0,0,0,8,24,18,42,38,712,1,5195,2846,3132,104,0,0,0,0,0,0,0,0,0,0,0,0,0,0,0,1,1,2752,752,0,1,2,0,0,0,0,0,3,0,43,0
,,TENGGILIS MEJOYO,244,72,98,170,3,10,62,2,0,0,64,50,77,127,20,544,0,2725,2176,2253,204,0,0,0,0,0,0,0,0,0,0,0,0,0,0,0,2,2,2021,916,0,1,27,9,0,2,10,1,50,1,46,0
,,PANJANG JIWO,176,42,90,132,3,18,22,1,0,0,23,19,13,32,20,606,3,4039,2423,2934,115,0,0,0,0,0,0,0,0,0,0,0,0,0,1,0,0,1,2478,785,0,4,18,1,2,1,1,0,27,0,47,0
25,GUNUNG ANYAR,GUNUNG ANYAR,434,127,224,351,27,39,42,12,0,0,54,45,68,113,37,1097,4,6193,4388,4508,175,0,0,0,0,0,0,0,0,0,0,0,0,0,0,0,0,0,3068,1069,1,1,32,7,1,4,6,0,52,10,48,0
,,RUNGKUT TENGAH,137,39,112,151,6,19,32,1,1,1,35,35,27,62,21,744,1,4292,2976,2623,130,0,0,0,0,0,0,0,0,0,0,0,0,0,0,1,0,1,2152,658,1,2,7,2,0,3,4,0,19,4,37,0
,,RUNGKUT MENANGGAL,428,87,185,272,3,47,32,0,0,0,32,23,23,46,37,677,0,4187,2708,2854,371,0,0,0,0,0,0,0,0,0,0,0,0,0,0,0,0,0,2046,540,1,1,7,3,0,5,1,0,18,3,61,0
,,GUNUNG ANYAR TAMBAK,244,88,113,201,22,11,8,1,2,2,13,10,6,16,25,511,14,2791,2044,2078,67,0,0,0,0,0,0,0,0,0,0,0,0,0,0,1,0,1,1359,491,0,0,2,1,0,0,1,0,4,0,22,0
26,MULYOREJO,MULYOREJO,275,87,120,207,14,11,18,4,0,0,22,16,51,67,25,838,0,4886,3352,4345,129,0,0,0,0,0,0,0,0,0,0,0,0,0,0,0,0,0,3283,1298,0,0,3,0,0,0,1,0,4,20,209,0
,,MANYAR SABRANGAN,404,44,131,175,15,20,12,3,0,0,15,9,42,51,20,738,1,5017,2951,4399,145,0,0,0,0,0,0,0,0,1,0,0,0,0,0,0,0,1,3066,1233,0,0,0,0,0,0,0,0,0,26,119,0
,,KEJAWAN PUTIH TAMBAK,78,27,82,109,15,3,16,4,7,0,27,7,19,26,5,341,12,1466,1363,1884,19,0,0,0,0,0,0,0,0,0,0,0,0,0,1,0,0,1,1272,747,0,0,4,0,0,0,0,0,4,7,24,0
,,KALISARI,366,93,127,220,12,14,3,2,2,0,7,10,11,21,43,691,11,4323,2765,3612,195,0,0,0,0,0,0,0,0,0,0,0,0,0,0,0,0,0,2533,983,0,0,0,0,0,0,0,0,0,25,147,0
,,DUKUH SUTOREJO,221,83,148,231,9,7,14,2,1,0,17,10,25,35,21,836,11,4739,3344,3570,105,0,0,0,0,0,0,0,0,0,0,0,0,0,0,0,0,0,3159,874,0,0,4,0,0,1,4,0,9,11,116,0
,,KALIJUDAN,200,29,112,141,14,25,22,1,1,0,24,21,31,52,25,646,0,4232,2583,2934,76,0,0,0,0,0,0,0,0,0,0,0,0,0,0,0,0,0,2556,702,0,3,12,3,0,1,7,0,26,10,44,0
27,SUKOMANUNGGAL,SUKO MANUNGGAL,69,1,50,51,17,20,20,0,0,0,20,7,17,24,20,474,0,3336,1897,2743,28,0,0,0,0,0,0,0,0,0,0,0,0,0,0,0,0,0,2311,605,0,0,3,4,0,1,1,0,9,15,15,0
,,TANJUNGSARI,58,14,59,73,2,13,22,2,0,0,24,16,39,55,25,622,0,3486,2486,2687,40,0,0,0,0,0,0,0,0,0,0,0,0,0,0,0,0,0,2678,648,1,0,6,5,0,1,5,0,18,16,42,0
,,SONO KWIJENAN,55,13,41,54,2,5,3,1,0,0,4,7,14,21,5,399,0,2646,1595,1770,48,0,0,0,0,0,0,0,0,0,0,0,0,0,0,0,0,0,1752,475,0,0,0,1,0,0,0,0,1,8,65,0
,,PUTAT GEDE,60,3,33,36,8,6,10,0,0,0,10,7,27,34,23,328,0,1981,1313,1547,21,0,1,0,0,0,0,0,0,0,0,0,0,0,0,0,0,1,1318,561,0,0,4,0,0,0,0,0,4,27,11,0
,,SIMOMULYO,349,25,235,260,17,39,41,5,0,0,46,44,96,140,71,1036,0,6593,4145,5891,239,0,0,0,0,0,0,0,0,0,0,0,0,0,0,0,0,0,4641,1361,1,0,9,4,0,1,7,0,22,45,12,0
,,SIMOMULYO BARU,475,43,301,344,57,62,163,4,0,0,167,106,212,318,105,1647,1,10978,6589,11051,274,0,0,0,0,0,0,0,0,0,0,0,0,0,0,0,1,1,7932,2726,6,5,48,14,1,7,17,0,98,53,25,0
28,ASEMROWO,ASEMROWO,257,17,137,154,104,30,47,4,1,0,52,43,94,137,29,892,1,7003,3566,11955,85,0,0,0,0,0,0,0,0,0,0,0,0,0,0,0,0,0,6328,3039,0,0,2,0,0,1,3,0,6,16,17,0
,,GENTING KALIANAK,37,4,32,36,15,6,22,2,1,0,25,7,7,14,19,262,5,1917,1047,2627,10,0,0,0,0,0,0,0,0,0,0,0,0,0,0,0,0,0,1514,706,0,0,1,0,0,0,0,0,1,8,0,0
,,TAMBAK SARIOSO,37,4,68,72,13,6,38,0,27,0,65,29,19,48,14,197,96,1616,788,2437,11,0,0,0,0,0,0,0,0,0,0,0,0,0,0,0,0,0,1471,441,0,1,4,0,2,1,1,0,9,3,3,0
29,BULAK,KEDUNG COWEK,15,1,56,57,14,3,9,1,5,0,15,4,28,32,13,222,276,1139,888,1873,18,0,0,0,0,0,0,0,0,0,0,0,0,0,0,0,0,0,1346,351,0,0,1,0,0,0,0,0,1,17,0,0
,,KENJERAN,42,16,81,97,10,3,2,0,0,0,2,5,16,21,14,246,114,1929,984,2028,20,0,0,0,0,0,0,0,0,0,0,0,0,0,0,0,0,0,1175,397,0,0,1,0,0,0,0,0,1,4,9,0
,,BULAK,230,27,234,261,19,35,17,2,1,0,20,6,19,25,59,911,44,6368,3642,4654,100,0,0,0,0,0,0,0,0,0,0,0,0,0,0,0,0,0,3872,992,0,0,22,2,5,0,3,0,32,17,14,0
,,SUKOLILO BARU,187,15,101,116,6,28,3,1,2,1,7,10,30,40,517,439,237,2255,1757,3059,286,0,0,0,0,0,0,0,0,0,0,0,0,0,0,0,0,0,2042,414,0,0,4,0,1,0,0,0,5,9,37,0
30,PAKAL,PAKAL,69,9,119,128,86,18,20,9,0,1,30,15,24,39,24,423,1,2837,1693,2095,22,0,0,0,0,0,0,0,0,0,0,0,0,0,0,0,0,0,1749,316,0,0,5,0,0,1,3,0,9,12,4,0
,,BABAT JERAWAT,430,55,389,444,148,102,24,6,0,0,30,29,27,56,177,1195,2,6736,4780,5323,155,0,0,0,0,0,0,0,0,0,0,0,0,0,0,0,0,0,4014,906,0,2,4,1,2,0,1,0,10,16,22,0
,,SUMBER REJO,180,6,161,167,315,5,10,33,3,0,46,15,26,41,24,469,1,3481,1876,2721,39,0,0,0,0,0,0,0,0,0,0,0,0,0,0,1,0,1,1853,326,0,0,7,1,0,0,1,0,9,7,2,0
,,BENOWO,97,16,125,141,69,91,11,12,2,1,26,35,53,88,27,487,1,3072,1948,2691,36,0,0,0,0,0,0,0,0,0,0,0,0,0,0,0,0,0,2090,494,0,0,1,0,0,2,0,0,3,20,9,0
31,SAMBI KEREP,SAMBIKEREP,295,31,163,194,210,43,10,8,1,0,19,14,43,57,61,994,0,5983,3974,4158,212,0,0,0,0,0,0,0,0,0,0,0,0,0,0,0,0,0,4358,953,0,0,6,3,0,0,0,0,9,2,32,0
,,MADE,32,6,52,58,55,10,1,0,0,0,1,3,24,27,15,424,0,2759,1695,1632,10,0,0,0,0,0,0,0,0,0,0,0,0,0,0,0,0,0,2280,179,0,0,3,1,0,0,0,0,4,1,12,0
,,BRINGIN,38,2,36,38,79,11,2,1,0,0,3,1,35,36,18,259,0,1550,1035,1062,10,0,0,0,0,0,0,0,0,0,0,0,0,0,0,0,0,0,1077,231,0,1,1,0,0,0,0,0,2,1,1,0
,,LONTAR,382,35,253,288,88,25,22,8,1,0,31,24,98,122,72,1386,0,8424,5542,6133,271,0,0,0,0,0,0,0,0,0,0,0,0,0,0,0,0,0,5838,1596,1,1,9,2,0,0,2,0,15,1,49,0
,,,,,,,,,,,,,,,,,,,,,,,,,,,,,,,,,,,,,,,,,,,,,,,,,,,,,,